{
  "lessons": [
    {
      "title": "lesson1",
      "task_list": [
        {
          "name": "task1",
          "task_files": {
            "task.kt": {
              "placeholders": [
                {
                  "line": 1,
                  "start": 12,
                  "hint": "",
                  "possible_answer": "\"Hello, world!\"",
                  "length": 10
                }
              ],
              "name": "task.kt"
            }
          },
		  "testsText": {
            "tests.kt": "import TestHelper\n fun testAnswerPlaceholders(helper: TestHelper) \{\n val placeholders: Array<String> = helper.answerPlaceholders\n val placeholder = placeholders[0]\n if (placeholder != \"\")\n helper.passed()\n else\n helper.failed()\n\}"
          }
        }
      ]
    }
  ],
  "description": "Introduction to Kotlin",
  "name": "Introduction to Kotlin",
  "authors": [],
  "language": "kotlin"
}