{
  "lessons": [
    {
      "title": "lesson1",
      "task_list": [
        {
          "name": "task1",
          "task_files": {
            "task.kt": {
              "placeholders": [
                {
                  "line": 3,
                  "start": 13,
                  "hint": "",
                  "possible_answer": "Hello",
                  "length": 5
                }
              ],
              "name": "task.kt"
            }
          }
        },
        {
          "name": "task2",
          "task_files": {
            "task.kt": {
              "placeholders": [
                {
                  "line": 3,
                  "start": 44,
                  "hint": "year - other.year",
                  "possible_answer": "year - other.year",
                  "length": 21
                }
              ],
              "name": "task.kt"
            }
          }
        }
      ]
    },
    {
      "title": "lesson2",
      "task_list": [
        {
          "name": "task1",
          "task_files": {
            "shop.kt": {
              "placeholders": [],
              "name": "shop.kt"
            },
            "TestShop.kt": {
              "placeholders": [],
              "name": "TestShop.kt"
            },
            "task.kt": {
              "placeholders": [
                {
                  "line": 4,
                  "start": 85,
                  "hint": "it.orders.size",
                  "possible_answer": "it.orders.size",
                  "length": 21
                }
              ],
              "name": "task.kt"
            }
          }
        }
      ]
    }
  ],
  "description": "Short introduction to Kotlin",
  "name": "Introduction to Kotlin",
  "authors": [],
  "language": "kotlin"
}