{
  "lessons": [
    {
      "title": "Introduction",
      "task_list": [
        {
          "name": "Hello, world!",
          "task_files": {
            "Hello.kt": {
              "placeholders": [
                {
                  "line": 4,
                  "start": 9,
                  "hint": "Look into your ID",
                  "possible_answer": "Vasya",
                  "length": 9
                }
              ],
              "name": "Hello.kt"
            }
          }
        },
        {
          "name": "Java To Kotlin Converter",
          "task_files": {
            "JavaToKotlin.kt": {
              "placeholders": [
                {
                  "line": 4,
                  "start": 1,
                  "hint": "Use copy-paste",
                  "possible_answer": "val sb \u003d StringBuilder()\n    sb.append(\"{\")\n    val iterator \u003d collection.iterator()\n    while (iterator.hasNext()) {\n        val element \u003d iterator.next()\n        sb.append(element)\n        if (iterator.hasNext()) {\n            sb.append(\", \")\n        }\n    }\n    sb.append(\"}\")\n    return sb.toString()",
                  "length": 28
                }
              ],
              "name": "JavaToKotlin.kt"
            },
             "JavaCode1.java": {
              "placeholders": [],
              "name": "JavaCode1.java"
            }

          }
        },
        {
          "name": "Named Arguments",
          "task_files": {
            "NamedArguments.kt": {
              "placeholders": [
                {
                  "line": 11,
                  "start": 35,
                  "hint": "You should specify prefix and postfix as named arguments",
                  "possible_answer": "prefix \u003d \"{\", postfix \u003d \"}\"",
                  "length": 27
                }
              ],
              "name": "NamedArguments.kt"
            }
          }
        }
      ]
    },
    {
      "title": "lesson2",
      "task_list": [
        {
          "name": "task1",
          "task_files": {
            "shop.kt": {
              "placeholders": [],
              "name": "shop.kt"
            },
            "TestShop.kt": {
              "placeholders": [],
              "name": "TestShop.kt"
            },
            "task.kt": {
              "placeholders": [
                {
                  "line": 4,
                  "start": 85,
                  "hint": "it.orders.size",
                  "possible_answer": "it.orders.size",
                  "length": 21
                }
              ],
              "name": "task.kt"
            }
          }
        }
      ]
    }
  ],
  "description": "Short introduction to Kotlin",
  "name": "Introduction to Kotlin",
  "authors": [],
  "language": "kotlin"
}